{
  "0": {
    "name": "OωO",
    "path": "/images/",
    "value": {
      "1": "emoticon_001.png",
      "2": "emoticon_002.png",
      "3": "emoticon_003.png",
      "4": "emoticon_004.png",
      "5": "emoticon_005.png",
      "6": "emoticon_00s.png",
      "7": "emoticon_007.png",
      "8": "emoticon_008.png",
      "9": "emoticon_009.png",
      "10": "emoticon_010.png",
      "11": "emoticon_011.png",
      "12": "emoticon_012.png",
      "13": "emoticon_013.png",
      "14": "emoticon_014.png",
      "15": "emoticon_015.png",
      "16": "emoticon_01s.png",
      "17": "emoticon_017.png",
      "18": "emoticon_018.png",
      "19": "emoticon_019.png",
      "20": "emoticon_020.png",
      "21": "emoticon_021.png",
      "22": "emoticon_022.png",
      "23": "emoticon_023.png",
      "24": "emoticon_024.png",
      "25": "emoticon_025.png",
      "26": "emoticon_02s.png",
      "27": "emoticon_027.png",
      "28": "emoticon_028.png",
      "29": "emoticon_029.png",
      "30": "emoticon_030.png",
      "31": "emoticon_031.png",
      "32": "emoticon_032.png",
      "33": "emoticon_033.png",
      "34": "emoticon_034.png",
      "35": "emoticon_035.png",
      "36": "emoticon_03s.png",
      "37": "emoticon_037.png",
      "38": "emoticon_038.png",
      "39": "emoticon_039.png",
      "40": "emoticon_040.png",
      "41": "emoticon_041.png",
      "42": "emoticon_042.png",
      "43": "emoticon_043.png",
      "44": "emoticon_044.png",
      "45": "emoticon_045.png",
      "46": "emoticon_04s.png",
      "47": "emoticon_047.png",
      "48": "emoticon_048.png",
      "49": "emoticon_049.png",
      "50": "emoticon_050.png",
      "51": "emoticon_051.png",
      "52": "emoticon_052.png",
      "53": "emoticon_053.png",
      "54": "emoticon_054.png",
      "55": "emoticon_055.png",
      "56": "emoticon_05s.png",
      "57": "emoticon_057.png",
      "58": "emoticon_058.png",
      "59": "emoticon_059.png",
      "60": "emoticon_060.png",
      "61": "emoticon_061.png",
      "62": "emoticon_062.png",
      "63": "emoticon_063.png",
      "64": "emoticon_064.png",
      "65": "emoticon_065.png",
      "66": "emoticon_06s.png",
      "67": "emoticon_067.png",
      "68": "emoticon_068.png",
      "69": "emoticon_069.png"
    }
  },
  "1": {
    "name": "✪ω✪",
    "path": "/images/",
    "value": {
      "1": "b_emoticon_101.png",
      "2": "b_emoticon_102.png",
      "3": "b_emoticon_103.png",
      "4": "b_emoticon_104.png",
      "5": "b_emoticon_105.png",
      "6": "b_emoticon_106.png",
      "7": "b_emoticon_107.png",
      "8": "b_emoticon_108.png",
      "9": "b_emoticon_109.png",
      "10": "b_emoticon_110.png",
      "11": "b_emoticon_111.png",
      "12": "b_emoticon_112.png",
      "13": "b_emoticon_113.png",
      "14": "b_emoticon_114.png",
      "15": "b_emoticon_115.png",
      "16": "b_emoticon_116.png",
      "17": "b_emoticon_117.png",
      "18": "b_emoticon_118.png",
      "19": "b_emoticon_119.png",
      "20": "b_emoticon_120.png",
      "21": "b_emoticon_121.png",
      "22": "b_emoticon_122.png",
      "23": "b_emoticon_123.png",
      "24": "b_emoticon_124.png",
      "25": "b_emoticon_125.png",
      "26": "b_emoticon_126.png",
      "27": "b_emoticon_127.png",
      "28": "b_emoticon_128.png",
      "29": "b_emoticon_129.png",
      "30": "b_emoticon_130.png",
      "31": "b_emoticon_131.png",
      "32": "b_emoticon_132.png",
      "33": "b_emoticon_133.png",
      "34": "b_emoticon_134.png",
      "35": "b_emoticon_135.png",
      "36": "b_emoticon_136.png",
      "37": "b_emoticon_137.png",
      "38": "b_emoticon_138.png",
      "39": "b_emoticon_139.png",
      "40": "b_emoticon_140.png",
      "41": "b_emoticon_141.png",
      "42": "b_emoticon_142.png",
      "43": "b_emoticon_143.png",
      "44": "b_emoticon_144.png",
      "45": "b_emoticon_145.png",
      "46": "b_emoticon_146.png",
      "47": "b_emoticon_147.png",
      "48": "b_emoticon_148.png",
      "49": "b_emoticon_149.png",
      "50": "b_emoticon_150.png",
      "51": "b_emoticon_151.png",
      "52": "b_emoticon_152.png",
      "53": "b_emoticon_153.png",
      "54": "b_emoticon_154.png",
      "55": "b_emoticon_155.png",
      "56": "b_emoticon_156.png",
      "57": "b_emoticon_157.png",
      "58": "b_emoticon_158.png",
      "59": "b_emoticon_159.png",
      "60": "b_emoticon_160.png",
      "61": "b_emoticon_161.png",
      "62": "b_emoticon_162.png",
      "63": "b_emoticon_163.png",
      "64": "b_emoticon_164.png",
      "65": "b_emoticon_165.png",
      "66": "b_emoticon_166.png",
      "67": "b_emoticon_167.png",
      "68": "b_emoticon_168.png",
      "69": "b_emoticon_169.png"
    }
  }
}